IndianDisinfoExposed,2185
India,896
FakeNews,749
NZvPAK,723
disinfo,683
COVID19,606
PTM_NDMPakhtunsEnemy,571
MockingbirdMedia,493
DGHconference,392
Ethiopia,344
disinformation,315
Pakistan,293
Disinfo,290
Tigray,268
AntiPakPropagandaExposed,258
Eritrea,255
Somalia,250
TigrayFamine,206
Russia,202
NothingToCelebrate,202
EvilForces,190
China,168
protectyourfamily,156
CDNpoli,152
SeditionHunters,148
Disinformation,148
FascistModiAtUN,146
LeadersDebate,142
Elxn44,131
IndianChronicles,122
Ivermectin,111
پی_ٹی_ایم_لاٹین_شو,108
Syria,104
NewPublication,95
FactCheck,90
Iran,86
RemoveIt,85
DisinfoDigest,78
UNGA,78
TPLF,77
Biuletyn,71
Panjshir,70
HumeraRiverBodies,70
Ukraine,68
Reported,68
Woman,68
Diplomat,68
Zee_दलाल_मोदी_का,68
IndiaFailedPropaganda,68
AustraliaHasFallen,67
Afghanistan,64
Thread,61
CNP,59
cdnpoli,57
YouTube,57
CCP,55
AhmadMassoud,55
threads,53
ADOSAF,51
auspol,51
Taliban,50
CAF,50
DND,50
disinfographics,48
COVID,47
Assad,47
Covid,46
Poutine,46
TrumpRussia,45
IndiaFailedpropaganda,45
IndianWarCrimes,44
GOP,44
Kremlin,44
EUdefence,43
RT,41
violence,40
SmartNews,39
EU,39
HispanicHeritageMonth,39
propaganda,38
DisInfo,38
PTMnoMore,38
Covid19,37
covid,36
DisinfoDebunk,36
GetVaccinated,36
IStandWithPresidentBiden,36
Hydroxychloroquine,35
fakenews,34
PanQuake,34
ScamQuake,34
TalkLiberation,34
MongolsMC,34
Sturgis,34
BanIndianJournalists,34
Violence,34
TheseAreTheFacts,34
CrimsonSmear,33
RIP_PTM,33
Amnesty,33
désinformation,33
FBPE,32
cdnmedia,32
Turkey,32
PMDA,32
nato,31
strongertogether,31
Islamophobia,30
fails,30
EUvsDisinfo,29
fascism,29
Gaslighting,28
coronavirus,28
Coronavirus,27
PoisonIvy,27
BigTech,27
r4today,26
NeutralityTheatre,26
bots,25
Aufwiedersehen,25
ufotwitter,24
Mayday,24
CrimeaPlatform,23
CDNmedia,23
Douma,23
4thWave,23
KochNetwork,23
Trump,22
Texas,22
WhiteHelmets,22
misinformation,21
medialiteracy,21
azaudit,21
MAGA,20
SanctionIndia,20
misinfo,20
2Michaels,20
EUvsDISINFORMATION,20
ADOS,20
FakeCNNinvestigation,20
Gvote21,20
IndianNazism_AGlobalThreat,20
Kosovo,20
GetVaccinatedNow,19
hateclub,19
Ghostwriter,19
indiemedia,19
shadownetwork,19
Misinformation,18
VicLibs,18
Covid19Vic,18
Desinformation,18
Q,18
leaking,17
socialmedia,17
DismantlingGlobalHindutva,17
BrowardCounty,17
HunterBiden,17
HaroldTu,17
مسلم_امہ_کالیڈر_کپتان,17
GQP,16
Facebook,16
NewsBreak,16
DSA,16
CYBERWARCON,16
Australia,16
RussiaInvadedUkraine,16
Serbia,16
Tehran,16
Checkology,16
Taiwan,16
Biden,15
USA,15
InfluenceOperations,15
AllianceforHealthyInfosphere,15
RightWing,15
Bundestagswahl21,15
PTM,14
OSINT,14
EUrope,14
CdnPoli,14
disinfobytes,14
Ireland,14
FascistAgendaOfModi,14
Canada,14
PAKvNZ,14
TerroristTPLF,14
IndiaThreatToAfgPeace,13
IOs,13
Psyops,13
Larpers,13
science,13
SocialMedia,13
CIA,13
TheBigLie,13
PakistanForAfghanPeace,13
Xitler只針對他,13
SanctionPakistan,13
France,13
media,13
JenPsaki,13
AZAuditResults,13
Epik,13
AntiVaccine,13
thread,12
America,12
trumprussia,12
adtech,12
NoLicenseforDisinformation,12
Russian,12
covid19,12
ThisIsNotJournalism,12
Panjsher,12
accountability,12
Twitter,12
KOT,12
mutalenkonde,12
Fraud,12
RetractionWatch,12
TigrayGenocide,12
soignants,12
Anonymous,12
ProudBoys,12
vaccines,11
doge,11
US,11
AZAudit,11
CovidVaccine,11
antivax,11
Hydroxychloriquine,11
AmericaFirst,11
RoeVWade,11
anti,11
AI,11
PA01,11
ClimateWeekNYC,11
KashmiriLivesMatter,11
BlueAnon,11
Badme,11
IndiaBehindThreats,11
spygate,11
whowasintheroom,11
Europa,10
DeathSantis,10
MSM,10
dezinformacja,10
safemoon,10
boycottcnn,10
india,10
trump,10
vaccine,10
COVIDIOTS,10
YourSlipIsShowing,10
covid19Aus,10
NeverForget,10
QAnon,10
India_PeaceSpoiler,10
GOPDeathCult,10
Shame,10
climatechange,10
SCO2021,10
JohnsonOut,10
Resign,10
DurhamIndictment,10
manufaturedTigrayGenocide,10
MakeAmericaSaneAgain,9
FakeWorld,9
SharedFacts,9
FakeWorlds,9
ParanoiaFramework,9
BrainFunction,9
DeleteFacebook,9
ajc_ce,9
Putin,9
Misinfo,9
elxn44,9
BigLie,9
Truth,9
MurdochMedia,9
California,9
foxnews,9
VoterSuppression,9
DarkMoney,9
HumeraMassacre,9
GreatReset,9
FreedomForKashmir,9
blackcaps,9
PaulMartino,9
ProjectVeritas,9
FarRightViolence,9
MISDOOM2021,9
HunterBidenLaptop,9
Hunterbidenlaptop,9
NewWolrdOrder,9
TheGreatReset,9
TPPInsiders,9
GlobalGovernance,9
AZaudit,9
fraudit,9
MozNewsBeat,9
ikewar,9
diverse,9
PaperTruths,8
BidenIsADisgrace,8
FactsMatter,8
Kabul,8
WearAMask,8
NoLicenseForDisinformation,8
ivermectin,8
FreeKirtaner,8
LocalNewsMatters,8
Ethics,8
Malta,8
JoeRogan,8
NeverVoteConservative,8
September11,8
GermanElection2021,8
Patriots,8
Covid_19,8
circleback,8
ML,8
ChuckTodd,8
IEC,8
fail,8
RussiaToday,8
COVID1984,8
Agenda2030,8
NWO,8
KamalaHarris,8
Vimeo,8
Indian,7
weremember,7
TruthBrigade,7
ImpeachBiden,7
PresidentBiden,7
Covidiots,7
eu,7
Stopit,7
Republican,7
MediaFail,7
BucksCounty,7
Hindutva,7
BidenWarCrimes,7
LNPfail,7
DefendOurDemocracy,7
IStandWithTruckies,7
Resist,7
DigitalServicesAct,7
PanjshirValley,7
PiratesOfDead,7
Alberta,7
AstroTurf,7
ProCOVID,7
DefendDemocracy,7
TigrayMassArrest,7
StopArmingEthiopia,7
MustCarryObligations,7
NewZealand,7
PsakiBomb,7
Democrats,7
UFO,7
Hamilton68,7
MichelleObama,7
Jewish,7
GainOfFunction,6
NCHCMM,6
LikeWar,6
MelbourneProtest,6
vaccination,6
Potus,6
tech,6
Talibans,6
SocialNetworkAnalysis,6
Bots,6
ISIS,6
Indians,6
CFNIS,6
Insurrectionists,6
brexit,6
DeSantis,6
ActiveMeasures,6
MSNBC,6
MentalHealth,6
ClimateAction,6
QAnonCult,6
NoPawsLeftBehind,6
PakistanZindabad,6
PeopleYouMayKnow,6
WarCrimesDenial,6
Germany,6
Trumpvirus,6
Maddow,6
liar,6
IDU,6
PegasusProject,6
LEB,6
drabdulqadeer,6
AntiStateExposed,6
JEP2021,6
makeschoolsafe,6
LongCovidKids,6
BTW21,6
InfoWar,6
azleg,6
Postmedia,6
CommonThread,6
Hunter,6
ScientificResearch,6
NN21,6
QAnons,6
GRU,6
SupportLaraLogan,6
terroristTplf,6
Serbien,6
SaferToWait,6
HART,6
altshite,6
covidiot,6
EthiopiansSayNo,6
Eugenèsia,6
Genocidi,6
PLANDèmia,6
Cientificisme,6
USParisTechChallenge,6
BLOOD_DRUG,6
CanaryCryNewsTalk,6
Медиасеть,5
ProKremlin,5
informaatiolukutaito,5
TrumpVirus,5
Leitrim,5
COSINT,5
Propaganda,5
bcpoli,5
JoeBiden,5
CepimoSe,5
bitcoin,5
technology,5
Fake,5
DeppHeads,5
DISINFO,5
ShadowboxStrategiesInc,5
DeltaVariant,5
Crimea,5
LIAR,5
antivaxxers,5
genocide,5
VoteNoOnRecall,5
MisInfo,5
panjshir,5
democracy,5
TikTok,5
StopTheRepublicanRecall,5
NoVaccinePassports,5
cybersecurity,5
IvermectinWarriors,5
TuckerCarlson,5
ShadowNetwork,5
FBI,5
australia,5
TPLFTerroristGroup,5
AlexJones,5
EthiopiaPrevails,5
Republicans,5
Fakenews,5
CPC,5
Modi,5
CIB,5
CArecall,5
CNN,5
infowar,5
VotingRightsAct,5
LivingWage,5
affordablehousing,5
RussiaHoax,5
MurdochRoyalCommission,5
Cons,5
ANI,5
Dublin,5
BlueCheckBabble,5
VaccineMandates,5
HillaryClinton,5
Trump2024,5
SafetyTech,5
ACA,5
BoycottTNDeathPanel,5
EpikFail,5
Commonthread,5
WorldNewsDay,5
NitRecercaTGN21,5
Love2Hate,5
PsyWar,5
PsyOps,5
MassControl,5
ControlSocial,5
POR,5
FEAR,5
BoycottIndianProducts,5
FortDetrick,4
Wuhan,4
NATO,4
MediaLit,4
edtechSR,4
Smartmatic,4
CovIdiots,4
ANTIVA,4
RayRoseberry,4
disinformazione,4
vaccini,4
NaturalLanguage,4
Covid19aus,4
FollowFriday,4
PenFarthing,4
OperationArk,4
Jimmysllama,4
Zionist,4
s,4
Zuckerberg,4
antiWestern,4
DisinformationKills,4
antivaxxer,4
TermsofService,4
Freedom,4
DisinfoRo,4
صداوسیما,4
QuestionEverything,4
OpStopPsyop,4
AHMAF,4
ICYMI,4
ethics,4
internet,4
algorithms,4
PokemonGO,4
DeepPockets,4
831PrinceEdwardAttack,4
StandwithHongKong,4
mediawatch,4
censorship,4
RobertDavidSteele,4
HumanRights,4
CircleBack,4
CandaceOwens,4
BBC,4
FightExtremism,4
EnemyOfThePeople,4
chudwatch,4
ONEV1,4
Eritrean,4
Koch,4
OPAD,4
Bannon,4
WikiLeaks,4
Chinazi,4
truth,4
MoscowMitch,4
facebook,4
Fascism,4
medtwitter,4
talibanapologists,4
FoxNews,4
AjitDoval,4
godimedia,4
standwithTheo,4
QuestionMore,4
TheView,4
Iranian,4
AhmedQuraishi,4
Censorship,4
MAGAts,4
EVALI_investigation,4
StateSponsored,4
Treason,4
Antifascism,4
100DaysOfCode,4
WomenWhoCode,4
Politics,4
COVID19nsw,4
Racism,4
CaveBabble,4
FoxFactFree4,4
NickiMinaj,4
CrossfireHurricane,4
NeverForgetJanuary6th,4
BigNews,4
UnitedStates,4
HugoDeJonge,4
PakvsNz,4
PMJT,4
Progressive,4
ISIon5thFloor,4
CFMEU,4
RememberThoseLyingLiersJan6AttempToKillUsAndTakeOurAmerica,4
Boycott,4
FoxKillsAmerica,4
UniversalHealthCare,4
bigtech,4
FacebookFiles,4
Dezinformatsiya,4
MurdochRiots,4
worldheritage,4
GreatBarrierReef,4
BidenCrimeFamily,4
LaptopFromHell,4
NeonNettle,4
Fukushima,4
WesternBalkans,4
Dems,4
HinterBiden,4
Laptop,4
Disinformazione,4
Triggered,4
JagmeetSingh,4
turpo,4
ThisWeek,4
MediaWatch,4
BSG,4
TrumpCovidHolocaust,4
TrumpLegacy,4
AhmaudArbery,4
Roskomnadzor,4
massascuringAmharasAfars,4
TakeASecToCheck,4
EthiopiansSayNo2,4
EuropaClubs,4
EUROPAgegenCovid19,4
SchülerInnen,4
Manipulació,4
MediaStorm,4
ADiM,4
BraveNewWorld,4
Stop1894,4
5GW,4
5GWarfare,4
whataboutism,3
HavanaSyndrome,3
RevolutionaryCommunist,3
Belarus,3
ConCW,3
NDP,3
ClimateCrisis,3
StaySafe,3
RussianRon,3
abpoli,3
VaccinesSaveLives,3
AntiVax,3
ICT4Peace,3
Africa,3
fałszywy,3
Disinfo2021,3
FauxNews,3
GQPTraitorsToDemocracy,3
feedly,3
BigPharma,3
Indiana,3
NIAC,3
together,3
Skabeeva,3
Vaccines,3
IndiaOnSale,3
OnThisDayInNTK,3
LastWord,3
Gettr,3
SaveAmerica,3
InformationWarefare,3
IStandWithBiden,3
ETTD,3
longcovid,3
UN,3
Covid19WA,3
aliens,3
VoteThemOut,3
MeganBrock,3
gendered,3
JohnsonHasFailedTheNation,3
BostonMarathon,3
WACO,3
RubyRidge,3
SanBernidino,3
FtHood,3
AmericanRescuePlan,3
TaiwanModel,3
ClimateDestabilization,3
Cork,3
phishing,3
biometrics,3
Karma,3
GOPLiesAboutEverything,3
6Actions,3
climate,3
FreeAustralia,3
NoFucksToGive,3
USwithAUS,3
DropTheChargesUSA,3
JournalismIsNotACrime,3
HybridThreats,3
DemVoice1,3
OPCW,3
January6thInsurrection,3
factcheck,3
VoteNO,3
Landslide,3
VaccinesWork,3
SteeleDossier,3
Wengui,3
Prince,3
Afganistan,3
PutinAtWar,3
TakeDownCCP,3
sciencefacts,3
rhaine_off,3
Corruption,3
Brexit,3
Librti,3
WarCrimes,3
reported,3
ivermectine,3
REPUBLIC,3
FreeAssange,3
NRF,3
DisinformationNews,3
matthewxuereb,3
LimitedHangout,3
DisinfoAgent,3
mentalhealth,3
PANJSHIR,3
Democracy,3
PTNews,3
Army,3
Brazil,3
SackGregHunt,3
Jan6Insurrection,3
freedom,3
MediaWell,3
Saudi,3
MuVariant,3
DumaElections,3
Pakistani,3
TechPolicy,3
s230,3
GodiMedia,3
Ahmadinijad,3
TB,3
Jan6,3
HRW,3
MerchantsOfDeath,3
LordsOfPoverty,3
VaccineParent,3
LiberalMajority,3
PPC,3
Covid19pandemic,3
Britain,3
Shameful,3
PDM,3
protest,3
Parliament,3
BlockBorisJohnson,3
False,3
VerifyBeforeSharing,3
German,3
PDMA,3
hippocrats,3
CaliforniaRecallElection,3
lies,3
pharmafascist,3
Inequality,3
indiadisinfoexposed,3
indiaspoilerofpeace,3
Florida,3
btw21,3
getvaxxed,3
FJB,3
GOPTraitorsToDemocracy,3
DigitalMarketsAct,3
digitalfootprints,3
VeronicaWolski,3
FairnessDoctrine,3
EPlenary,3
pegasusproject,3
RussiaCollusion,3
S230,3
hategroups,3
Opensource,3
SOTEU,3
DoBetter,3
Kashmir,3
ShameOnBlackCaps,3
OneDaySeries,3
BCCI,3
Hoodbhoy,3
HaleyKennington,3
ElectionIntegrity,3
AmericasAudit,3
Georgia,3
recruitment,3
TheaterShooting,3
SandyHook,3
AllTheRest,3
CovidVaxExposed,3
SAantiDisinfo,3
RWextremists,3
Conspiracytheories,3
education,3
Vaccine,3
OathKeepers,3
ingrahamangle,3
breakingnews,3
devinscillian,3
AfghanistanDisaster,3
NewsCorpse,3
CorruptDemocrats,3
BreakingNews,3
JunkMedia,3
EUWBMediaLiteracy,3
desinformación,3
Liar,3
Constitution,3
NoPartisanPolitics,3
SignThePetition,3
GBD,3
disinformaatio,3
Venäjä,3
biglie,3
CovidIsAirborne,3
covid19bc,3
MondayMotivation,3
TikTokTuk,3
MaikadraChinaGalicomaAgamsa,3
manufacturedTigraygenocide,3
Decoder,3
RSS,3
IDP,3
FB,3
waronpineapple,3
Coronatimo,3
COVIDPunk,3
HillbillyNazi,3
UK,3
NYTisTRASH,3
Astroturfing,3
PsyopQ,3
iloveit,2
hahaganda,2
fałszywe,2
crisis,2
ABW,2
publichealth,2
podcast,2
FUD,2
PhilValentine,2
boycottHateTV,2
DisInfoPack,2
Release_TLPAmeerSHR,2
DontReadReuters,2
Talibangicals,2
AfghanTaliban,2
TTP,2
GeorgeLakoff,2
TruthSandwich,2
BanMargeForGood,2
Reuters,2
Guiliani,2
RussianAgents,2
Klimnik,2
MySchizoidLife,2
fałszywego,2
neotribalism,2
technews,2
teknocks,2
preprints,2
Israel,2
Fraudit,2
Election,2
ElectionAUS,2
Standards,2
ArtificialIntelligence,2
SaveLives,2
GenderDysphoria,2
AntiVaxxers,2
TruthOnTwitter,2
Antifa,2
IRA,2
Kabulairport,2
ComputerWorld,2
Cortana,2
calls,2
OneV1,2
DemVoic1,2
Infoterrorism,2
pandemic,2
Assange,2
Mongol,2
twitter,2
porn,2
SecretAgent,2
ItDoesntPassASmellTest,2
Bennett,2
FullyVaccinated,2
SocialDistancing,2
Delta,2
DNI,2
gapol,2
DisinformationCreep,2
Oughterad,2
Haqqani,2
Mossad,2
PutinHasGOPKompromat,2
MerrickGarland,2
SleepyJoe,2
SaturdayThoughts,2
Antivaxxers,2
Covid19nsw,2
Gladys,2
ScottyFromMarketing,2
insurrection,2
Styxhexenhammer666,2
PNG,2
txlege,2
FreeSpeech,2
GovernmentIsEvil,2
AMA,2
MAGACult,2
RememberThesePeoplesJan6AttempToTakeOurAmericaAwayFromUS,2
RuleOfLaw,2
treason,2
cosmiccantina,2
bigPharma,2
PeterThiel,2
AussieOligarchPalmer,2
ChaosMerchant,2
LifeMatters,2
RadioNational,2
KHive,2
Covid19Qld,2
Covid19ACT,2
GladysFail,2
Covid19NSW,2
podcasting,2
PodcastRecommendations,2
podcastlife,2
ClimateEmergency,2
CancelFoxNews,2
CancelBreitbartNews,2
CancelOAN,2
CancelNewsmax,2
FourthEstate,2
Senaldi,2
novax,2
antibooster,2
ErictRUmp,2
crt,2
Darwinism,2
copolitics,2
deletefacebook,2
RayJohansen,2
ImpeachBidenHarrisPelosiNOW,2
INSTABLOCK,2
Patriot,2
Arizona,2
IslamicEmirateOfAfghanistan,2
Journalism,2
Retraction,2
weaponizeddisinfo,2
Dontgetswamped,2
HappyNewMonth,2
democratic,2
riskcomm,2
IowaGOP,2
IAPolitics,2
climatecrisis,2
LadiesBrigade,2
ThomasSchoenberger,2
IsaacKappy,2
counterintelligence,2
LarryElder,2
VoteNoOnTheRecall,2
NoVaccinePassportsAnywhere,2
Candace,2
DMA,2
KarenRuckus,2
event201,2
istandwithtruckies,2
freeaustralia,2
PeopleVsBigTech,2
ClimateChange,2
CARecall,2
ArrestMikeFlynn,2
American,2
MSMisCIA,2
qanon,2
usatoday,2
FreshVoicesRise,2
AllForALarp,2
LetsTalk,2
Pajshir,2
indianmedia,2
HayırlıCumalar,2
Cdnpoli,2
Cdnmedia,2
GOPTraitors,2
AbortionBan,2
winning,2
fraud,2
cheater,2
PD,2
OntEd,2
literacy,2
Californians,2
ProDemocracyCalifornians,2
DefendCALives,2
DefendCADemocracy,2
DefendUSDemocracy,2
whitesupremacists,2
domesticterrorists,2
Great,2
SnakeOilSalesmenDoctors,2
AmericasFrontlineDoctors,2
FraudMDs,2
PanjshirResistanceForces,2
indian,2
WW1,2
Education,2
Terrorism,2
Manifs4septembre,2
manifestation4septembre,2
کابلی_چائے,2
MoneyHeistSeason5,2
Invermectin,2
FreePress,2
infosec,2
eudisinfolab,2
TakeDownTheCCP,2
NeverForgive,2
MilkTeaAlliance,2
MilkTeaAllianceMyanmar,2
WhatsHappeningInMyanmar,2
WaterFire,2
QuiFinancePhilippot,2
ColorRevolution,2
UPElections2022,2
HandsoffEthiopia,2
ChemicalAttacks,2
OnHere,2
TrumpCrimeFamily,2
NFTs,2
PlayToEarn,2
RollingStone,2
Mazar_e_Sharif,2
mazarisharif,2
McLuhan,2
globalvillage,2
ClassAction,2
legalists,2
what,2
depressing,2
microcosm,2
fictional,2
Lies,2
Melbourne,2
OTL,2
woke,2
Indiaisnotsafeforwomen,2
ModiHaiTohMumkinHai,2
NationalUprising,2
StandWithPanjshir,2
PSA,2
INGE,2
UAP,2
Surprise,2
Liberals,2
Kyiv,2
Afghanwomen,2
Manafort,2
OscarWilde,2
EUDisinfolabs,2
BBCBreakfast,2
bbcnews,2
IranProtests,2
afghanistan,2
StopFundingHateNow,2
VoteNoOnRecallCA,2
hybridwar,2
ERGA,2
LogicalFallacies,2
LNP,2
Brussels,2
governments,2
WeThePeople,2
PakistanBombedPanjshir,2
illuminati,2
freeMason,2
RedOrbCollective,2
ChildEndangerment,2
Con,2
debatdeschefs,2
Georgetown,2
kalenskyj,2
TFG,2
polqc,2
PTVNews,2
Pakistanis,2
EuropeanUnion,2
whitesupremacist,2
domesticterrorist,2
NeverTrump,2
Iraq,2
WomensRights,2
women,2
feminist,2
Nunes,2
eurocrim2021,2
VoteLiberal,2
JeffPropulsion,2
NativeAmerican,2
September11th,2
AlexLemas,2
banIndianJournalists,2
SkyNewsAfterDark,2
DieToOwnTheLibs,2
SNC,2
JustinTrudeau,2
EvilMan,2
Fidel,2
InfoOps,2
uneducatedidiots,2
cybercrime,2
911attack,2
UKActNow,2
AirDropFoodToTigray,2
VoteforHumanRights,2
AllowAccessToTigray,2
CancelCulture,2
TunneltoTowers,2
foxcorp,2
RememberREMEMBERtheELEVENTHofSEPTEMBER,2
SouthTower,2
BanIndianJournalistsThe,2
pakistan,2
loc,2
Afghan,2
MtPol,2
MtGov,2
MtNews,2
idiots,2
CrimesAgainstHumanity,2
liars,2
NGOs,2
abcnews,2
IndianMediaFakeNewsChamp,2
NHS,2
NFT,2
NFTS,2
P2E,2
Airdrop,2
gamefi,2
mnleg,2
mybodymychoice,2
notallBerniesupporters,2
AIDS,2
OperationDenver,2
AmericanAuthoritarianThreatWatch,2
GetVaxxedRightNow,2
TheDailyExposeGame,2
VaccineMandate,2
Chinа,2
شفافیت,2
Mali,2
chippa,2
Resisters,2
GetVaxxed,2
GriftShift,2
ElectionInterference,2
SaltyCracker,2
hate,2
GetVaxxedNow,2
GetBooster,2
KeepMasking,2
HSEF21,2
RepublicansAreProCoronavirus,2
SaneTorturedAmeRussians,2
AmberRuffinROCKS,2
ThereIsNoPoison,2
BelBivDevoe,2
BelBivRuffin,2
AmberRuffin,2
AmberSaysWhat,2
sanctionindia,2
Wars,2
TradeWars,2
Science,2
Radio,2
Google,2
RealJewNews,2
wednesdaythought,2
FakeHumeraMassacure,2
PharmaFacist,2
MagaInsurrection,2
JohnDurham,2
Indictment,2
MichaelSussman,2
PerkinsCoie,2
ChristopherSteele,2
nickiminajdraggingparty,2
Durham,2
DurhamTime,2
DeSantisVariant,2
mask,2
5g,2
cooperation,2
Cacciari,2
MAGAs,2
TEXAS,2
NY21,2
Erika,2
Ommen,2
HR3054,2
ShameonBlackCaps,2
shameonblackcaps,2
COP26,2
Helensburgh,2
ArizonaAudit,2
readlater,2
projection,2
LowIQcanadians,2
HorsePaste,2
AntiFa,2
Remember,2
NuclearSubmarines,2
CFMEUprotest,2
DeepPckets,2
RepublicansPlayingPoliticsWithUrLife,2
Ballymun,2
StratCom,2
Kemp,2
NC11,2
BigPharmaToadies,2
Influencers,2
Movement,2
Antivax,2
TradeWar,2
KashmirBleedsGreen,2
HoldthemAccountable,2
PressFreedom,2
Chine,2
rigged,2
FreeOurFeeds,2
Regulation,2
Antitrust,2
DisinfoDozen,2
thesocialdilemma,2
Dezinformacja,2
intoxduKremlin,2
StopFunding,2
Dronestrike,2
terrorist,2
Abhinandan_Mishra,2
fixalgorithms,2
hunterslaptop,2
Sad,2
EastmanMemo,2
RussianDisinformation,2
DonaldTrump,2
astroturfing,2
Intel,2
BidensBorderCrisis,2
AustralianStory,2
AmericanCrimeStory,2
Standup,2
brothersinarms,2
Liberty,2
RussiaCollusionHoax,2
LIE,2
ArrestHunterBiden,2
TheRoomWhereItHappens,2
AlumniTIES,2
news,2
newsdesk,2
newsline,2
DemocRATs,2
Scumbags,2
FuckBiden,2
ImpeachBidenNow,2
JenPsakiNeedsToCircleBack,2
IndianSportsTerrorism,2
LiarInChief,2
azauditresults,2
hunterbiden,2
lie,2
TrumpWasRight,2
Vote2020,2
Election2020,2
BidenHarris,2
BidenHarris2020,2
mediaisenemyofthepeople,2
trending,2
RestoreJuan,2
UnvaccinatedSongs,2
HateClub,2
RaggedyPsaki,2
Chinese,2
rarible,2
ethereum,2
nonfungible,2
digitalasset,2
nft,2
doublestandard,2
BloodOnYourHands,2
PsakiLies,2
BidenAdministration,2
Psaki,2
antifas,2
Hawaii,2
potatocakes,2
nz,2
nzpol,2
GTVmedia,2
StLouis,2
ISC2EastBay,2
BidenBorderCrisis,2
PakForKashmirAtUNGA,2
4thEstate,2
blacklivesmatter,2
FollowBackFriday,2
DoublethinkLab,2
MediaMalpractice,2
FarRight,2
Libya,2
BidensAmerica,2
joebidenspartoftheproblem,2
AntiVaccineIndustrialComplex,2
WABC,2
GVote21,2
Doctors,2
Informazione,2
TraitorsSupportTraitorTrump,2
Cult45,2
Palestine,2
BroTroll,2
OnlyDemocratsWillSaveAmerica,2
MurdererDoctors,2
VaccineNazi,2
RockefellerMedicine,2
NYC,2
PMImranKhanAtUNGA,2
factsintomorefeeds,2
THEBIGLIE,2
5thfloor,2
SerenaHotel,2
gayhind,2
CovidDeaths,2
ScottyDoesNothing,2
Congress,2
Israelis,2
GhaniKaGhulamDawar,2
Team64,2
WijWappies,2
Weffies,2
JesseKlaver,2
ICC,2
ArrestTrumpNow,2
BeWise,2
deception,2
DoSomething,2
fascists,2
obedience,2
ufotruth,2
ufos,2
whistleblower,2
intelligence,2
bced,2
vax,2
mandate,2
Elections,2
CircleBackChuckie,2
Tass,2
Love2hate,2
PrinceHarry,2
Deepstate,2
G6Sven,2
antisemitism,2
hartleaks,2
GOPDeathLords,2
MaskUp,2
DiictatorsandMartyrsDeathLords,2
IllegalAliens,2
BC,2
groupthink,2
FreeBritney,2
BalkanServiceGroup,2
sarcasm,2
avlgov,2
DeathDeSantis,2
IdiotAbbott,2
CovidKim,2
TargetedIndividuals,2
Zerohedge,2
defyhatenow,2
bitcoins,2
bitcoinnews,2
BTC,2
cryptocurrency,2
CryptocurrencyNews,2
CashAppFriday,2
cash,2
GOPgrifters,2
PhD,2
DisInformation,2
AnjanaOmKashyap,2
AnjanaOmModi,2
BabyBoomer,2
HindutvaStateTerror,2
UFOs,2
Aliens,2
ufosightings,2
outtherechannel,2
topsecret,2
nasa,2
CivicTech,2
CambridgeAnalytica,2
OutOfSightOutOfMind,2
DEPLATFORMING,2
VaccinesWorks,2
DirtyDisinfoTrick,2
mandatevaccines,2
ManufaturedTigrayGenocide,2
Terroristtplf,2
neurodiversity,2
WNBA,2
youtube,2
TerroristsNOTTourists,2
maddow,2
CovidDisinfoGrifter,2
stocks,2
finwit,2
VaccineMandatesShouldHaveBeenPutIntoEffectByDemocratsALongTimeAgo,2
BigPharmaTyranny,2
BigPharmaCaptured,2
audreytruschke,2
LabelRule,2
nytimes,2
IndiaNews,2
EU_Disinfolab,2
SteveBerger,2
itshouldntbelikethis,2
ineffectivemoron,2
BlackLivesMatter,2
GOPCult45,2
Tynkkynen,2
Netflix,2
SquidGame,2
OccupyWallStreet,2
Lawyerforlaws,2
SubtweetAlertSystem,2
Snopes,2
BLOOD_medicine,2
CO2,2
contrail,2
AerialSpraying,2
antimaskers,2
FrontGroups,2
Data,2
i360,2
control,2
unFoxMyBox,2
MuslimBrotherhood,2
thankslisa,2
AhmaudAbery,2
zionist,2
Russiandisinfo,2
PWEI,2
imo,2
Tranny,2
DontGetSwamped,1
InternetCensor,1
MI5,1
Elxn2021,1
AfghanistanCrisis,1
AFPFactCheck,1
reddit,1
conspiracy,1
room322,1
skullandbones,1
alexwasright,1
InformationLiteracy,1
COVID22,1
NCBC,1
dofo,1
preprint,1
koronoarokote,1
askpreet,1
Zinoviev,1
RegeneRonDeSantis,1
kalboshanyadiu,1
Receipts,1
C4ISR,1
C6ISRGroup,1
ActivesMeasures,1
BotsIHaveBlocked,1
TalkRadio,1
RightWingMedia,1
FDA,1
DarkWeb,1
mitos,1
BolasdeBruxelas,1
europedirectolmt,1
EuropeDirect,1
fdaapproval,1
FacebookCesspool,1
WTFery,1
socialcontrolmedia,1
CaliforniaBurning,1
Henri,1
TennesseeFloods,1
Haiti,1
IndianArmy,1
Lithium,1
globalist,1
MLM,1
ΌποιοςΕπιστήμοναςΤουςΞεσκεπάζει,1
EllinikaHoaxes,1
Απατεώνες,1
Πάραπληροφόρηση,1
AntiLockdown,1
FreedomRally,1
SydneyProtest,1
mpol385,1
InvestigativeJournalism,1
ForensicOnlineAnalysis,1
OrganicIntelligence,1
UltRight,1
QaNonsensePlague,1
conspiracytheory,1
bayridge,1
antiva,1
vaccineSideEffects,1
GOPFoxNewsFraudstersDanPatrickAndTuckerCarlsonPromoEconomy,1
HongKong,1
DavidPakmanShow,1
art,1
history,1
Spicy,1
TobiasElwood,1
Safemoon,1
TrollTV,1
Czechia,1
Pandemic,1
lagos,1
EvilGQP,1
SABOTAGE,1
PutinsPoisonPills,1
Devumi,1
MAGADeathCult,1
UAE,1
riskmanagement,1
فيسبوك,1
إنستغرام,1
internetculture,1
threepeasinapod,1
ELXN44,1
StalkerSarah,1
MAGA2020,1
fox,1
gop,1
newsmax,1
tucker,1
hannity,1
oann,1
EUDisinfoLab,1
notiziefalse,1
Gaslight,1
PaidShills,1
Astroturfers,1
Political,1
AbLeg,1
SocialBots,1
ArizonaElections,1
wray,1
TeamTacoTruck,1
endia_ending,1
datasharing,1
govtech,1
govcomms,1
IQ45,1
russiagate,1
پروپاگاندا,1
Discipline,1
doctors,1
Grow,1
Spreading,1
virus,1
Jan6th,1
Yemen,1
stevenmiller,1
TALIBAN,1
DisinformationDozen,1
D,1
adultcontent,1
nsfwtwt,1
SpoilersOfPeace,1
StopLine3Pipeline,1
CovidWarriors,1
Yes4Minneapolis,1
voteoutfrey,1
reenvisioningpublicsafety,1
PityTheFooled,1
LegalAnalysis,1
XFiles,1
QuestionReality,1
ImGonnaMilkThisForAWhile,1
ABattlePlan,1
FEP,1
FFEP,1
IsraelsSecurityCabinet,1
invermectin,1
IvermectinWorks,1
BLM,1
judicial,1
abuse,1
European,1
GrowAPair,1
LetHerSpeak,1
JesusChrist,1
patterns,1
LITTLEREDLYINGHOOD,1
putinspuppet,1
accountable,1
Qremlin,1
پی_ٹی_ایم_لاٹین_شو643شگ5,1
NancyMace,1
SC01,1
Moreperfectdemocracy,1
DECRA,1
DE22,1
ARCgate,1
GBY,1
nomoremeatheads,1
HellsAngel,1
scumbag,1
fired,1
disgraced,1
FollowTheMoney,1
trumpcovid,1
NYTEditorialRot,1
EnoughIsEnough,1
TwitterCancelsMisinformation,1
SundayMorning,1
SundayThoughts,1
TXGOP,1
TexasDeservesBetter,1
BidehLegacy,1
Lawyers,1
Disbartrumplawyers,1
TrumphasDementia,1
TrumpIsALaughingStock,1
RandomThoughts,1
GladysFAIL,1
BigPharmaLies,1
BigPharmaKills,1
Pfizer,1
PfizerLies,1
PfizerKills,1
1A,1
GQPHypocrites,1
GetVaxxedForTheKids,1
WearADamnMask,1
whitepowermovement,1
DisgustingTweets,1
TwatBot,1
TransparencyMatters,1
AlexBerenson,1
RighWingmedia,1
blackpropaganda,1
RonDeathSantis,1
StandWithBiden,1
StolenElectionsHaveConsequences,1
ImpeachBidenHarrisNOW,1
SPAM,1
CONSENT,1
VoteThemAllOut2022,1
disclosure,1
gaia,1
paranormal,1
rickdoty,1
syfy,1
uap,1
ufo,1
MerchantsofDoubt,1
TheMoreYouKnow,1
YellowAndBlackPBgoonColours,1
FrontPageBannerAd,1
ElectionSwingingCircle,1
UltRightEnabling,1
DataDogsOfWar,1
Chernobyl,1
russianwoodpecker,1
RabidRabbitHoleBurrowing,1
QaNonsense,1
VaccinatedCamps,1
VoiceOfKooyong,1
Covid19Tas,1
OnTheHook,1
NativeSupremacy,1
JoshFrydenberg,1
FromVictoriaNotForVictoria,1
vicbiz,1
incitement,1
EdGatway,1
KabulAttacks,1
disInfo,1
CBSD,1
ABpoli,1
AfganistanBurning,1
knightresearch,1
TrumpCrimeSyndicate,1
CovidIdiot,1
liberoquotidiano,1
bigfail,1
TruthIsHERE,1
TruthBombs,1
TheRadicalRight,1
operationhercules,1
allies,1
moderatetaliban,1
GodWins,1
StorysAlreadyBeenWritten,1
MeekInheritTheEarth,1
takeyourreeducationcampsandSTUYA,1
ZeroCovid,1
BoosterShots,1
moRON,1
zionists,1
RegulateFacebook,1
NPR,1
IvermectinSavesLives,1
ShaheenEPakistan,1
mobile,1
ThomasCRetzlaff,1
ANDOTHERS,1
TheRedneckoning,1
HORSEPASTERS,1
YeetTheGOP,1
RealResults,1
DisinfoDefense,1
BreakupFacebook,1
JesselynRadack,1
Kaidinn,1
Afganisthan,1
DisinfoStrategy,1
InstaBlock,1
CivilWar2,1
inners,1
WTFGOOGLE,1
inDS,1
JoeBidenIsaDisgrace,1
TalibanJoe,1
NorthernAlliance,1
panjshirvalley,1
RecallAbbott,1
EURegionsWeek,1
EUFund,1
IamSphithiphithiEvaluatorToo,1
MorningJoe,1
پرنده,1
InstaBlockJennaEllisEsqJoshMandelOhio,1
DemocracyYethuKaofela,1
MtMorrisBob,1
LBRY,1
theCyberwireDaily,1
ThugsAtRallies,1
INGSA2021,1
ForThePeople,1
JohnLewisVotingRightsAct,1
Vaccinate,1
zerocovid,1
HyrbridWarfare,1
MediaInfoLiteracy,1
AccessToInformation,1
forbiddenwords,1
corporatemedia,1
ManBoys,1
Hollywood,1
Defango,1
Reddit,1
WormsForBrains,1
kabul,1
spynews,1
espionage,1
counterespionage,1
TwitterSpaces,1
monero,1
nwo,1
台灣模式,1
COVID19Aus,1
shitstein,1
TexasAbortionBan,1
DeliberativeDemocracy,1
WearEarplugs,1
NoPlatformForFascists,1
Variant,1
ScriptaManent,1
scoop,1
DISinformationKILLS,1
CRT,1
CrisisActor,1
APOYOROCIO2S,1
GraciasCarlota,1
kenya,1
CovidCandace,1
TruthBeBlack,1
Darwin,1
TrudeauCrimeMinister,1
GOPquackery,1
Deltavariant,1
Jonestown,1
HRC,1
miamiherald,1
journalism,1
transphobe,1
FaceAFace,1
faceafacetva,1
MorrisonFail,1
LearnGematria,1
ExposingFreemasons,1
ExposingControlledOpposition,1
covidiotselfowns,1
PennyForPeace,1
NatSec,1
BTW2021,1
social,1
AHI,1
AFM,1
CDC,1
DefundNPR,1
TigrayGenoicde,1
NatSwc,1
ChaosAgents,1
JobsReport,1
DemCastFL,1
TheFamily,1
gullible,1
MediaStudies,1
COVID19Vic,1
MariaMentira,1
ExpandSCOTUS,1
pandemiepooier,1
Afkhanistan,1
War,1
DeVos,1
Blackwater,1
ErikPrince,1
Infrastructurebill,1
uspoli,1
EEAS,1
PassSanitaire,1
passedelahonte,1
ROUTIERS,1
tcapp,1
Belgrade,1
wegmetengel,1
Xitler,1
FreeAssangeNOW,1
unity,1
RESIST,1
Askingfor220million,1
YOUTUBELOVESQRIMINALS,1
TexasHatesWomen,1
EndTheFilibuster,1
FJoeRogan,1
StandWithTaiwan,1
standwithSouthKorea,1
standwithIndia,1
standwithJapan,1
StandWithThailand,1
WeSupportNUG,1
StandWithHongKong,1
WTF,1
TexasTaliban,1
PutinKochsMercersGOP,1
CoronavirusVaccination,1
Zhainemore,1
xenophobie,1
ingerence,1
StopAsianHate,1
MahaPanchayat,1
sockpuppetbingo,1
OperationHercules,1
CharlotteMaxwellJones,1
KSAnimalRescue,1
digitaldetox,1
WaPo,1
NYT,1
jackstribe,1
CantFixStupid,1
MilitaryIndustrialComplex,1
EthiopiaPrevials,1
TPLFSURRENDERNOW,1
blocked,1
Whistleblower,1
PandemicPaul,1
GOPCVCooties,1
Truthmatters,1
Massoud,1
AmrullahSaleh,1
CivilWar,1
IndiaChronicles,1
Fascists,1
TechnoFascist,1
iia,1
Mockingbird,1
MediaDiversity,1
colorscheme,1
4chan,1
Montenegro,1
FakeNewsAlert,1
StopFakeNews,1
TPLFisaTerroristGroup,1
COVID19aus,1
Relevance,1
alexispoulin,1
IA,1
Ballsnacks,1
tribalism,1
stopdisinformation,1
FreeNavalny,1
BoycottYvesRocher,1
RachelMaddow,1
Amazon,1
profit,1
HateSpeech,1
EpochTimes,1
KabulRegimeCrimes,1
پنجشیر,1
افغانستان,1
طالبان,1
electionsecurity,1
Madcow,1
malfeasance,1
rochester,1
roc,1
newyork,1
fingerlakes,1
upstateny,1
flx,1
ny,1
canandaiguany,1
genevany,1
buffalo,1
syracuse,1
LongCovid,1
FoxNewsKills,1
FacebookKills,1
TalibanTakeover,1
MAGA2024,1
andyNgo,1
portland,1
tplf,1
NDF,1
amhara,1
afar,1
MentalHealthAwareness,1
AssadPutin,1
pedophiles,1
LPC,1
twitterati,1
classACT,1
TheGreatChaos,1
FraudalentFauci,1
Manipulation,1
Projection,1
ScienceDoesntLie,1
FauciLies,1
CovidisaPsyop,1
IntelOp,1
BIOWEAPON,1
DARPA,1
biden,1
Fauci,1
fakeindianmedia,1
UCP,1
FFS,1
oan,1
EvilIndia,1
ModiHaiToFailureHai,1
ModiDisasterForIndia,1
ModiMustResign,1
modiexpress,1
F16,1
Azadi_Azadi,1
Aghanistan,1
قیام_ملی,1
StandWithWomenofAfghanistan,1
FreeAfghanistan,1
IranExposed,1
غدرکوہٹاؤ,1
کرکٹ_بچاؤ,1
SavePanjshir,1
قیام_سراسری,1
SnactionPakistan,1
asshole,1
shame,1
sanctiontalaban,1
manipulation,1
ClivePalmer,1
CraigKelly,1
elections,1
music,1
RedSparrow,1
BigDisinfoGrifters,1
DefenceDay2021,1
WMD,1
Portland,1
Antifas,1
ArrestFauci,1
Latvia,1
ChrisWray,1
Stone,1
RollingCoup,1
geopolitics,1
truckies,1
TruckiesBlockade,1
humanity,1
AlJazeera,1
echochambers,1
filterbubbles,1
CaliforniaDemocrats,1
Teamof5Million,1
DeepThoughtsFromUnvaccinated,1
BobLazar,1
WHouse,1
BookerTWashington,1
VoteTHEMout,1
SackRichardColbeck,1
SackPeterDutton,1
SackScottMorrison,1
Covid19Aus,1
SanctionPaskistan,1
PakistanBacksTaliban,1
PakistanIsBombingPanjshir,1
infovaikuttaminen,1
несвобода,1
Russianublicans,1
PutinPlague,1
ClassActionBitch,1
IndieBooksBeSeen,1
BLUEWAVE2022,1
GOPTaxScam,1
RogerStone,1
Flynn,1
geneva,1
cyberspace,1
Internet,1
Crypto,1
Finland,1
AlArabiya,1
PanjshirResistance,1
USStateSponsoredPropaganda,1
ClimateJustice,1
NHpolitics,1
GetVaccinatedASAP,1
sociologist,1
SSP,1
PlagueOfTheUnvaccinated,1
STEM,1
Climate,1
oilsands,1
TarSandsCampaign,1
Panjshirvalley,1
WokeMilTwitter,1
Indoctrination,1
OnlineSafetyBill,1
TacTangents,1
strandedAussies,1
Infowars,1
crackdown,1
Carnicom,1
pandemicide,1
PTV,1
Pak,1
Biowarfare,1
ScumMedia,1
mindgame,1
Balochistan,1
GatesCons,1
ElectionChallenges,1
MAGat,1
StepfordRep,1
NationalSecurity,1
Debate2021,1
madness,1
colourrevolution,1
ICAC,1
Christofascist,1
Talibangelical,1
PanjSher,1
KabulProtest,1
Islam,1
IndianMedia,1
GOPGaslighting,1
2022isComing,1
BlueTsunami2022,1
Obama,1
desinformation,1
frankdoty,1
ConMedia,1
elx44,1
Bielorussia,1
Karachi,1
CouncilForNationalPolicy,1
FOX,1
InfluenceOps,1
awol,1
socmar,1
Sarscov2_timeline,1
SupportBiden,1
ForwardForEveryone,1
GeneQAnonHo,1
dystopian,1
NikiAshton,1
vaccinated,1
WTFFB,1
MandateTheVaccine,1
PandemicPolitics,1
jeromeadams,1
PublicRadio,1
pause,1
WhatAWaste,1
IslamicWorld,1
5GWar,1
transparency,1
ProDeath,1
18viewsOfPlaneImpactInSouthTower,1
criticism,1
Moscow,1
ShamefulIndia,1
Abstract4Art,1
MarkACairns,1
Trudeau,1
PierreTrudeau,1
Pierre,1
neverforget,1
unvaxmurders,1
SocWeb,1
NationalPost,1
911Remembered,1
911stories,1
911Aniversary,1
GOPHypocrisy,1
Impfung,1
impfpflicht,1
Impfdruck,1
Impfpass,1
NaziScumOffOurStreets,1
HoldTheLine,1
ENDEMIC,1
CultOfCovid,1
WWTEL,1
infoops,1
ImposeCosts,1
FAIL,1
TickTock,1
DeadAndDysfunctionalUN,1
FamilyFlopSoapOperaEU,1
BLOODofTHOUSANDSonTHEIRhands,1
DonaldJTrump,1
Indigenous,1
DarwinWasRight,1
TaliaLevin,1
NoMoreGuiltTripsPls,1
CaliforniaStateBar,1
BanIndianJournalist,1
barkowleibinger,1
GainOfFunctionFauci,1
AZTAnthony,1
Putinistit,1
Hevonpaska,1
AxisOfEvil,1
deza,1
extortion,1
bribery,1
kompromat,1
murder,1
spying,1
Mute,1
Block,1
COVIDIDIOTS,1
Trollhunters,1
Crime,1
Nigeria,1
FakeNewsFactory,1
scammers,1
TogetherProject,1
HillsongCult,1
FreedomofExpression,1
sundaycomix,1
Wilcannia,1
GladysInHiding,1
Covidnsw,1
NITV,1
Terrorist,1
jhootismisaCRIME,1
liethenpayforit,1
Schools,1
Fatfisbiased,1
Italy,1
afternoonbriefing,1
StupidityKills,1
Stop5GDisinfo,1
LogicalAnnie,1
5G,1
TalibanIslamistTerrorBack,1
AfghanistanBurning,1
RuhollahZam,1
NavidAfkari,1
Qanon,1
M4A,1
GQPTaliban,1
BabyKiller,1
FATF,1
screwed,1
McChrystal,1
journalist,1
MichaelHastings,1
misinformationkills,1
betadine,1
fake,1
poison,1
valg21,1
LeaveOurKidsAlone,1
CovidIsReal,1
StopDenyingReality,1
wearamask,1
getvaccinated,1
fakeresister,1
ThisIsNotJounalism,1
WrongIsWrong,1
UseThatPlatformForGood,1
tuesdayvibe,1
society,1
NationalNotFitToGovern,1
HaltDieFresseBild,1
vssnyt,1
GEC,1
CAR,1
CCPmedia,1
VoteYesToRemoveGavinNewsom,1
multistakeholder,1
icymi,1
ReportedAndBlocked,1
EducMédisInfo,1
EDD,1
ConservativesAreProCoronavirus,1
MAGATerrorists,1
exvangelicals,1
bnb,1
mikelindell,1
ShitHoleDonKKKon,1
TheAssWholeGene,1
PowerAndPatriarchy,1
FederalistRepubliKKKonServeItAllists,1
mmt,1
J6,1
AmberSaysWhatIsTheMatterWithYouGetVaccinated,1
BelBivDeRuffin,1
FuhkZuck,1
DigitalLiteracy,1
bias,1
Reform,1
Information,1
Equality,1
FairTrade,1
UniversalHealthcare,1
UBI,1
TRIPSwaiver,1
VACCINE,1
Covid19EU,1
ClimateActionNOW,1
demokratia,1
KDWebster,1
COVIDisAirborne,1
JerseyDevilGrifters,1
Not,1
Hatebook,1
chefskiss,1
FauciCrimes,1
BidenDisaster,1
NaturalImmunity,1
teacher,1
Veterans,1
vaccinate,1
JackDorsey,1
supportingTerroris,1
PRC,1
Milley,1
DomesticTerrorists,1
rights,1
RedshirtRoundUp,1
stoprewardingstupid,1
Querdenker,1
NeoNazis,1
zioTrolls,1
Spin,1
Zam,1
TantonNetwork,1
BallGate,1
Sepehr2024,1
Facts,1
DNC,1
Chainlink,1
TaxTheRich,1
DomesticTerrorist,1
HealthInsurance,1
Modicare,1
WorseThanWatergate,1
StopDisinfo,1
indiathreattopeace,1
durham,1
Trolls,1
FreeToomaj,1
NoIGForKids,1
FASCISTS,1
FreedomOfSpeech,1
strategy,1
IndoPacific,1
Tech,1
Cybersecurity,1
kkkosherconservativism,1
monstersamongus,1
AMess,1
LogOffGirl,1
USNews,1
USRC,1
RememberTheWhigs,1
Unvaccinated,1
fossilfuel,1
BigOil,1
DenialMachine,1
drone,1
uav,1
IMPEACHABBOTT,1
fightlikeaGURL,1
MeToo,1
GOPBetrayedAmerica,1
GOPDomesticTerrorists,1
Nordstream2,1
PlatformsAreTheProblem,1
Savinrock,1
WestHaven,1
COVIDSanctionsLie,1
AreYouSeeingItYet,1
FuckJoeBiden,1
Poland,1
kgb,1
Minsk,1
Together,1
pinkblossomedarseclown,1
وردی_کی_بےقدری,1
لبرلز_پڑھے_لکھے_جاہل,1
SanctionEndia,1
FollowTheScience,1
Stopdisinformation,1
PCB,1
ramizraja,1
LauraLoomer,1
Security,1
JESUSWINSTHEGAMEBOIS,1
MustRead,1
checklist,1
STOPpropaganda,1
NZvsPak,1
northerly,1
FBiden,1
FFF,1
ShameOnBlackSnakes,1
MaleViolence,1
Letterkenny,1
JacindaArdern,1
GTFOH,1
ByeFelicia,1
MagicalThinking,1
Corruptregdickason,1
propoganda,1
ccs,1
GOD,1
LGE2021,1
Mensa,1
Alexandria,1
BrianKemp,1
GOPLies,1
RepublicansAreTheProblem,1
FoxLies,1
FoxPropaganda,1
NIACLobbies4Mullahs,1
vacancy,1
jobs,1
HIRINGNOW,1
Audit,1
Fratboys,1
Girlsgetiton,1
Aids,1
RepublicansAreStupid,1
ExpelTheSeditionists,1
FAFO,1
BackToSchoolPA,1
Hypersonic,1
HarmReduction,1
ScienceTwitter,1
WeAreAllOutOfAfrica,1
ToryDemocide,1
osint,1
RolandMartinUnfiltered,1
InformUniteHeal,1
poem,1
No2IR,1
نه_به_جمهوری‌_اسلامی,1
جاوید_شاه,1
clickbait,1
Sather,1
QanonCult,1
Onev1,1
StopTheSteal,1
ProjectVeritasDisinfo,1
CSA,1
metoo,1
koronarokote,1
Korona,1
mattipartanen,1
partasmaza,1
KashmirIsPriorityInUNGA,1
coordinatedsocialharm,1
abc730,1
یوم_ولادت_امیرمحترم,1
inthistogether,1
BBCTalkback,1
info,1
psaki,1
CharactersOfCovid,1
Hungary,1
Sankara,1
IsaiasAfeworki,1
EritreaPrevails,1
ZhaineMore,1
EUVSDISINFORMATION,1
deradicalisation,1
violentextremism,1
SAD,1
FARRIGHT,1
TRUMP,1
EuVsDisinfo,1
English,1
AndyNgo,1
CCSummit2021,1
Platforms,1
Filters,1
FilterBubble,1
EchoChamber,1
polarization,1
UnbundleSM,1
BigTechSedition,1
WarRoomPandemic,1
imjustsayin,1
Conservatives,1
CDNPoli,1
NoCoincidences,1
EvilRich,1
Canadians,1
Demvoice1,1
FattoQuotidiano,1
Tucker,1
Carlson,1
edutwitter,1
PAKFakeNewsFactory,1
cropping,1
Navalny,1
Suicide_Squad,1
PublicServiceBroadcasting,1
EUGreenDeal,1
instagram,1
instagramhashtags,1
growinstagram,1
hashtagsresearch,1
instagramgrowth,1
CadetKelly,1
MaryTrump,1
fakenewsindia,1
indiansportsTerrorism,1
DemocratsAreDestroyingAmerica,1
fakenewsmedia,1
Giuliani,1
NoFoxNewsOnMilitaryBases,1
CircleBackPsaki,1
BidenMustResign,1
NRMLC,1
miltwitter,1
Qatar,1
AhrarAlSham,1
AlQaeda,1
3rdRateHack,1
NYPost,1
TheHunterBidenExperience,1
JenniferHough,1
TheReal,1
maga,1
ZuckIsaCuck,1
Liars,1
dezcaughtit,1
russianbot,1
Armenia,1
Azerbaijan,1
Karabakh,1
LittleRedLyingHood,1
FBILied,1
JenPsakiLies,1
Mainstreammedia,1
Bidenvoters,1
ChildPorn,1
BidenTookBibes,1
BREAKING,1
RestoreLouisa,1
crackheads,1
bidensamerica,1
enemyofthepeople,1
FossilFuels,1
environment,1
FactCheckers,1
Pharmafascist,1
DisinfoReview,1
liberals,1
Nazis,1
TrumpWasRightAgain,1
PeterDoocy,1
FAKE,1
NotMyPresident,1
Twitterprison,1
PsakOfShit,1
BidenVille,1
HistoryMatters,1
WWIIHistory,1
SovietCrimes,1
FreeBelarus,1
StandWithBelarus,1
tulsirocks,1
magnesium,1
iodine,1
presscorps,1
Traitors,1
BidenMustGo,1
Endia,1
DemocratsAreADisaster,1
DemocratCriminals,1
RecallBiden,1
WhiteHouse,1
UniteAgainstCovid,1
PsakiMissInformation,1
RWBullshit,1
10PercentForTheBigGuy,1
cowardjoebiden,1
CowardPsaki,1
BidenCrimeFamilyExposed,1
BidenCrimeFamilyForPrison2021,1
10Percent4TheBigGuy,1
Press,1
Antimaskers,1
covid19ab,1
RunJenRun,1
EsTiempo,1
IowaIsInTheHouse,1
BidenCorruption,1
UFOtwitter,1
NoMandatoryVaccine,1
Janasevanews,1
Hawkeye,1
earthquake,1
ImuteBrainlessFuckwits,1
ThesePeopleAreStupid,1
Influencer,1
fridaynightfunkin,1
FridayFeeling,1
Competition,1
disneyplusday,1
EMG,1
EpochMediaGroup,1
WhereIsHunter,1
truthban,1
ModiBornToDestroyDemocracy,1
modi,1
modivirus,1
kag,1
liberallie,1
endeavor,1
NoNuke,1
World,1
AuditAll50States,1
vaccinedeaths,1
huntersEmails,1
BidenBoughtAndPaidFor,1
WhatAboutDemocracy,1
HGGSP,1
Crooks,1
HyperNazionalist,1
Rudyinc,1
BannonTheBarbAryan,1
Followbackfriday,1
CoordinatedInauthenticBehaviour,1
Jan6thCommission,1
Jan6Commission,1
Merkel,1
Scholz,1
Pizzagate,1
JenJumpsShip,1
CovidVic,1
GermanElection,1
CyberThreats,1
ψεκασμενοι,1
χανια,1
αντιεμβολιαστες,1
INSURRECTION,1
RussianBounties,1
TTC,1
NYCTrumpRadio,1
Bundestagswahl2021,1
Opinion,1
Repost,1
Share,1
PatriotsUnite,1
SuspendPsakiTwitterAccount,1
DumAsARock,1
ZombieNGO,1
physicians,1
FlashbackFriday,1
fuelshortage,1
ArizonaElectionAudit,1
CyberNinjas,1
maricopaaudit,1
JournalismMatters,1
DrainTheSwamp,1
RogerMarshallGaslighter,1
EnemiesofThePeople,1
BidenWon,1
ThisIsNotRocketScience,1
VaccineScience,1
TobaccoScience,1
TotalFraud,1
ludicrous,1
UnitedWeStand,1
StopLine3,1
FactsIntoMoreFeeds,1
terrorStateIndia,1
JusticeMatters,1
CredibilityCrisis,1
FUNPR,1
PureBlood,1
TerriristTPLF,1
ResilentlyOnwards,1
TrumpRally,1
Kenney,1
Conservative,1
bjp,1
rss,1
Chinazis,1
Huawei,1
MengWanzhou,1
CHICOM,1
legislative,1
InformThroughTruth,1
DigitalPakistan,1
CybersecurePakistan,1
Cyberhackathon,1
Salamsiaga,1
indyref2,1
ActuallyAutistic,1
epikfail,1
hatespeech,1
RobMonster,1
epikhack,1
UnitedNations,1
WhiteSupremacy,1
extremism,1
fundraiser,1
failed,1
coup,1
conned,1
GermanyDecides,1
Psyop,1
Chaos,1
100s,1
OpJane,1
mondaythoughts,1
monday,1
DivertAndDistract,1
ManyPeopleAreSaying,1
bUtThEyRePrIvAtEcOmPaNiEs,1
btpc,1
novaxmandates,1
5a,1
1a,1
privacy,1
autonomy,1
novaxcoercion,1
Jan6SelectCommittee,1
Elsevier,1
migov,1
Fraudits,1
UNGA76,1
SB8,1
DisinformationRacketeering,1
DefundTheBBC,1
Scamdemic,1
MelindaGates,1
PrinceCharles,1
PrincePhillip,1
Desinfo,1
Jews,1
ToryScum,1
DefundPolice,1
medieval,1
Corruptions,1
VoteCorruptionOutVoteBlue,1
ModiUSVisit,1
Nazi,1
BJP,1
BritneySpear,1
AmberHeard,1
kosovo,1
softpower,1
AidFood,1
expansionistGeneocider,1
FactualFriday,1
lobbyregister,1
HARTleaks,1
WrongAgainBird,1
IvermectinForParasites,1
MediaLiteracy,1
avlnews,1
RepVoters,1
death,1
drastically,1
HybridWarfare,1
Act4Peace,1
PeaceDay,1
Monkeywerx,1
FightForUS,1
FightBack,1
RINO,1
traitors,1
Republic,1
FightForVirginia,1
Socialism,1
notworthdyingfor,1
FinancialTreason,1
CBDCs,1
OrzOrzOrz,1
manufacturedTigrayGenocidestarvation,1
TerroristTPLFCliques,1
AmericansDeserveBetter,1
SVR,1
historywars,1
greed,1
Facts1st,1
Nuremberg,1
SeditionHasConsequences,1
HindutvaFakeFactory,1
Russland,1
bjpfakenewsmachine,1
NavjotSinghSidhu,1
long_live_The_Shah,1
GlobalTalkOnIslamophobia,1
ComeHomeToTheUNcharter,1
dogearmy,1
dogecoin,1
algorithm,1
Mercers,1
dghconference,1
infoOps,1
FactFlood,1
purplerain,1
prince,1
sparks,1
massascuringAmharas,1
TerroristTPLFGroup,1
massacuringAmharas,1
Psychopath,1
DefundFox,1
Defundfoxnews,1
vaccinemandates,1
GMO,1
Antisemitismus,1
BanHuawei,1
Protect2020,1
WarOnPinapple,1
TheBigLIE,1
Jan6INSURRECTION,1
IndiaDigitalTerrorist,1
AFTShutItDown,1
Covid19Edu,1
Maga,1
Maga2021,1
MagaForever,1
TrumpForever,1
KAG,1
IndianDisInfo,1
IndianFakeNews,1
Tankie,1
BhagwaTerrorism,1
Americans,1
AOPCrunch,1
hinduphobia,1
Hindus,1
GetIntoTheSea,1
Parler,1
vengefulrona,1
CommunitesOfColor,1
mypillow,1
Donegal,1
DefendAmerica,1
freccero,1
TwatBots,1
Retract,1
recallsully,1
justice,1
PUTINplannedtheCoup,1
PutinHasEpsteinTrumpStatRapeTapes,1
Clubhouse,1
Avaaz,1
APSA2021,1
monetisation,1
COVIDnews,1
LapsenEtu,1
VoteBlue2022,1
Xidemic,1
DiscourseAnalysis,1
AntiTrans,1
MassPsychosis,1
TeamTara,1
KochPuppet,1
antimask,1
onlineviolence,1
minorities,1
Muslims,1
LNPCrimeFamily,1
FederalICAC,1
Kochs,1
interference,1
dumaelections,1
banindianproducts,1
GOPBetraysAmerica,1
racism,1
SquidGames,1
pureevil,1
civilsocietycooperation,1
publicidade,1
o,1
marketing,1
marketingdigital,1
publicidadeepropaganda,1
jewsdontcount,1
corporateMedia,1
PutinsPuppet,1
LinWood,1
WaterIsLife,1
LandBack,1
Sacha,1
SachaObama,1
Debunking,1
duplicity,1
News,1
